R_G^2, alpha^2, N (big fragment), # edges (b.f), avg. R_g^2 (s.f), avg. alpha^2 (s.f), avg. mass (s.f), # small fragments
0.600326, 2705.46, 1024, 2047, 0, 0, 0, 0
0.600912, 2702.11, 1024, 2046, 0, 0, 0, 0
0.601498, 2698.74, 1024, 2045, 0, 0, 0, 0
0.602084, 2695.4, 1024, 2044, 0, 0, 0, 0
0.60267, 2692.05, 1024, 2043, 0, 0, 0, 0
0.603256, 2688.72, 1024, 2042, 0, 0, 0, 0
0.603843, 2685.38, 1024, 2041, 0, 0, 0, 0
0.60443, 2682.06, 1024, 2040, 0, 0, 0, 0
0.605017, 2678.71, 1024, 2039, 0, 0, 0, 0
0.605605, 2675.32, 1024, 2038, 0, 0, 0, 0
0.606191, 2671.99, 1024, 2037, 0, 0, 0, 0
0.606779, 2668.66, 1024, 2036, 0, 0, 0, 0
0.607368, 2665.31, 1024, 2035, 0, 0, 0, 0
0.607899, 2661.53, 1024, 2034, 0, 0, 0, 0
0.60849, 2658.23, 1024, 2033, 0, 0, 0, 0
0.609089, 2655.02, 1024, 2032, 0, 0, 0, 0
0.609676, 2651.71, 1024, 2031, 0, 0, 0, 0
0.610265, 2648.32, 1024, 2030, 0, 0, 0, 0
0.610852, 2645.03, 1024, 2029, 0, 0, 0, 0
0.611443, 2641.79, 1024, 2028, 0, 0, 0, 0
0.612031, 2638.52, 1024, 2027, 0, 0, 0, 0
0.612694, 2635.39, 1024, 2026, 0, 0, 0, 0
0.613288, 2632.2, 1024, 2025, 0, 0, 0, 0
0.61388, 2628.96, 1024, 2024, 0, 0, 0, 0
0.614469, 2625.52, 1024, 2023, 0, 0, 0, 0
0.615072, 2622.16, 1024, 2022, 0, 0, 0, 0
0.615663, 2618.84, 1024, 2021, 0, 0, 0, 0
0.616258, 2615.55, 1024, 2020, 0, 0, 0, 0
0.616866, 2612.03, 1024, 2019, 0, 0, 0, 0
0.617469, 2608.81, 1024, 2018, 0, 0, 0, 0
0.618071, 2605.59, 1024, 2017, 0, 0, 0, 0
0.618684, 2602.33, 1024, 2016, 0, 0, 0, 0
0.619274, 2599.08, 1024, 2015, 0, 0, 0, 0
0.619868, 2595.78, 1024, 2014, 0, 0, 0, 0
0.62046, 2592.58, 1024, 2013, 0, 0, 0, 0
0.621057, 2589.33, 1024, 2012, 0, 0, 0, 0
0.621931, 2585.36, 1024, 2011, 0, 0, 0, 0
0.622529, 2582.1, 1024, 2010, 0, 0, 0, 0
0.623142, 2578.95, 1024, 2009, 0, 0, 0, 0
0.623798, 2575.79, 1024, 2008, 0, 0, 0, 0
0.624785, 2572.23, 1024, 2007, 0, 0, 0, 0
0.625388, 2569.12, 1024, 2006, 0, 0, 0, 0
0.625983, 2565.86, 1024, 2005, 0, 0, 0, 0
0.626576, 2562.85, 1024, 2004, 0, 0, 0, 0
0.627166, 2559.61, 1024, 2003, 0, 0, 0, 0
0.62778, 2556.23, 1024, 2002, 0, 0, 0, 0
0.628376, 2553.16, 1024, 2001, 0, 0, 0, 0
0.629213, 2549.0, 1024, 2000, 0, 0, 0, 0
0.630064, 2544.98, 1024, 1999, 0, 0, 0, 0
0.630667, 2541.8, 1024, 1998, 0, 0, 0, 0
0.631284, 2538.67, 1024, 1997, 0, 0, 0, 0
0.631883, 2535.4, 1024, 1996, 0, 0, 0, 0
0.63248, 2532.28, 1024, 1995, 0, 0, 0, 0
0.63308, 2529.1, 1024, 1994, 0, 0, 0, 0
0.633703, 2525.99, 1024, 1993, 0, 0, 0, 0
0.634855, 2520.31, 1024, 1992, 0, 0, 0, 0
0.635854, 2516.71, 1024, 1991, 0, 0, 0, 0
0.636447, 2513.69, 1024, 1990, 0, 0, 0, 0
0.637055, 2510.7, 1024, 1989, 0, 0, 0, 0
0.637648, 2507.38, 1024, 1988, 0, 0, 0, 0
0.638613, 2503.85, 1024, 1987, 0, 0, 0, 0
0.639223, 2500.66, 1024, 1986, 0, 0, 0, 0
0.64017, 2497.12, 1024, 1985, 0, 0, 0, 0
0.640791, 2494.15, 1024, 1984, 0, 0, 0, 0
0.641346, 2490.75, 1024, 1983, 0, 0, 0, 0
0.641985, 2487.68, 1024, 1982, 0, 0, 0, 0
0.64262, 2484.93, 1024, 1981, 0, 0, 0, 0
0.643233, 2481.92, 1024, 1980, 0, 0, 0, 0
0.643773, 2478.44, 1024, 1979, 0, 0, 0, 0
0.644404, 2475.35, 1024, 1978, 0, 0, 0, 0
0.645045, 2472.58, 1024, 1977, 0, 0, 0, 0
0.645651, 2469.61, 1024, 1976, 0, 0, 0, 0
0.646505, 2465.83, 1024, 1975, 0, 0, 0, 0
0.647082, 2462.15, 1024, 1974, 0, 0, 0, 0
0.647639, 2458.66, 1024, 1973, 0, 0, 0, 0
0.648255, 2455.18, 1024, 1972, 0, 0, 0, 0
0.648914, 2452.27, 1024, 1971, 0, 0, 0, 0
0.64954, 2449.09, 1024, 1970, 0, 0, 0, 0
0.650149, 2446.09, 1024, 1969, 0, 0, 0, 0
0.651023, 2442.34, 1024, 1968, 0, 0, 0, 0
0.651674, 2439.1, 1024, 1967, 0, 0, 0, 0
0.652297, 2436.23, 1024, 1966, 0, 0, 0, 0
0.652979, 2433.23, 1024, 1965, 0, 0, 0, 0
0.653827, 2429.37, 1024, 1964, 0, 0, 0, 0
0.654496, 2426.18, 1024, 1963, 0, 0, 0, 0
0.655095, 2422.92, 1024, 1962, 0, 0, 0, 0
0.656127, 2419.39, 1024, 1961, 0, 0, 0, 0
0.656731, 2416.36, 1024, 1960, 0, 0, 0, 0
0.657366, 2413.46, 1024, 1959, 0, 0, 0, 0
0.65802, 2410.72, 1024, 1958, 0, 0, 0, 0
0.658573, 2407.35, 1024, 1957, 0, 0, 0, 0
0.659225, 2404.42, 1024, 1956, 0, 0, 0, 0
0.659857, 2401.57, 1024, 1955, 0, 0, 0, 0
0.660496, 2398.43, 1024, 1954, 0, 0, 0, 0
0.661395, 2394.7, 1024, 1953, 0, 0, 0, 0
0.662285, 2391.23, 1024, 1952, 0, 0, 0, 0
0.66315, 2387.36, 1024, 1951, 0, 0, 0, 0
0.663882, 2384.32, 1024, 1950, 0, 0, 0, 0
0.664502, 2381.19, 1024, 1949, 0, 0, 0, 0
0.665143, 2378.07, 1024, 1948, 0, 0, 0, 0
0.665759, 2375.25, 1024, 1947, 0, 0, 0, 0
0.666603, 2371.57, 1024, 1946, 0, 0, 0, 0
0.667976, 2368.96, 1024, 1945, 0, 0, 0, 0
0.668607, 2365.96, 1024, 1944, 0, 0, 0, 0
0.669241, 2362.82, 1024, 1943, 0, 0, 0, 0
0.669857, 2359.71, 1024, 1942, 0, 0, 0, 0
0.670554, 2356.98, 1024, 1941, 0, 0, 0, 0
0.671197, 2354.18, 1024, 1940, 0, 0, 0, 0
0.671844, 2350.96, 1024, 1939, 0, 0, 0, 0
0.672771, 2347.17, 1024, 1938, 0, 0, 0, 0
0.673885, 2344.1, 1024, 1937, 0, 0, 0, 0
0.674851, 2340.71, 1024, 1936, 0, 0, 0, 0
0.67579, 2337.42, 1024, 1935, 0, 0, 0, 0
0.676356, 2334.16, 1024, 1934, 0, 0, 0, 0
0.677097, 2331.74, 1024, 1933, 0, 0, 0, 0
0.677764, 2329.2, 1024, 1932, 0, 0, 0, 0
0.678387, 2326.05, 1024, 1931, 0, 0, 0, 0
0.679121, 2323.43, 1024, 1930, 0, 0, 0, 0
0.681098, 2320.19, 1024, 1929, 0, 0, 0, 0
0.682105, 2316.98, 1024, 1928, 0, 0, 0, 0
0.682789, 2313.65, 1024, 1927, 0, 0, 0, 0
0.683368, 2310.65, 1024, 1926, 0, 0, 0, 0
0.683989, 2307.67, 1024, 1925, 0, 0, 0, 0
0.684619, 2304.57, 1024, 1924, 0, 0, 0, 0
0.685551, 2300.36, 1024, 1923, 0, 0, 0, 0
0.686406, 2296.44, 1024, 1922, 0, 0, 0, 0
0.68707, 2293.31, 1024, 1921, 0, 0, 0, 0
0.687721, 2290.6, 1024, 1920, 0, 0, 0, 0
0.688415, 2288.25, 1024, 1919, 0, 0, 0, 0
0.689431, 2284.94, 1024, 1918, 0, 0, 0, 0
0.690086, 2282.21, 1024, 1917, 0, 0, 0, 0
0.691531, 2278.94, 1024, 1916, 0, 0, 0, 0
0.692531, 2275.41, 1024, 1915, 0, 0, 0, 0
0.693146, 2272.3, 1024, 1914, 0, 0, 0, 0
0.693786, 2269.29, 1024, 1913, 0, 0, 0, 0
0.69436, 2266.0, 1024, 1912, 0, 0, 0, 0
0.694969, 2262.8, 1024, 1911, 0, 0, 0, 0
0.695727, 2260.51, 1024, 1910, 0, 0, 0, 0
0.696406, 2257.24, 1024, 1909, 0, 0, 0, 0
0.697403, 2253.15, 1024, 1908, 0, 0, 0, 0
0.69801, 2249.8, 1024, 1907, 0, 0, 0, 0
0.699023, 2246.36, 1024, 1906, 0, 0, 0, 0
0.699653, 2243.37, 1024, 1905, 0, 0, 0, 0
0.700533, 2239.84, 1024, 1904, 0, 0, 0, 0
0.701024, 2236.57, 1024, 1903, 0, 0, 0, 0
0.701707, 2234.1, 1024, 1902, 0, 0, 0, 0
0.702352, 2231.35, 1024, 1901, 0, 0, 0, 0
0.703001, 2228.1, 1024, 1900, 0, 0, 0, 0
0.703698, 2225.18, 1024, 1899, 0, 0, 0, 0
0.704342, 2222.1, 1024, 1898, 0, 0, 0, 0
0.704923, 2218.92, 1024, 1897, 0, 0, 0, 0
0.705588, 2216.1, 1024, 1896, 0, 0, 0, 0
0.706154, 2213.01, 1024, 1895, 0, 0, 0, 0
0.707126, 2208.65, 1024, 1894, 0, 0, 0, 0
0.707798, 2205.61, 1024, 1893, 0, 0, 0, 0
0.708364, 2202.53, 1024, 1892, 0, 0, 0, 0
0.709413, 2199.45, 1024, 1891, 0, 0, 0, 0
0.710313, 2195.63, 1024, 1890, 0, 0, 0, 0
0.711324, 2192.28, 1024, 1889, 0, 0, 0, 0
0.71197, 2189.31, 1024, 1888, 0, 0, 0, 0
0.713, 2186.22, 1024, 1887, 0, 0, 0, 0
0.713668, 2183.12, 1024, 1886, 0, 0, 0, 0
0.714312, 2180.47, 1024, 1885, 0, 0, 0, 0
0.714889, 2177.45, 1024, 1884, 0, 0, 0, 0
0.71556, 2174.34, 1024, 1883, 0, 0, 0, 0
0.716915, 2170.54, 1024, 1882, 0, 0, 0, 0
0.718069, 2166.65, 1024, 1881, 0, 0, 0, 0
0.719553, 2163.43, 1024, 1880, 0, 0, 0, 0
0.720629, 2159.32, 1024, 1879, 0, 0, 0, 0
0.721287, 2156.65, 1024, 1878, 0, 0, 0, 0
0.721943, 2154.22, 1024, 1877, 0, 0, 0, 0
0.722857, 2150.79, 1024, 1876, 0, 0, 0, 0
0.723603, 2147.6, 1024, 1875, 0, 0, 0, 0
0.72419, 2144.73, 1024, 1874, 0, 0, 0, 0
0.724814, 2141.87, 1024, 1873, 0, 0, 0, 0
0.725712, 2138.03, 1024, 1872, 0, 0, 0, 0
0.72647, 2135.59, 1024, 1871, 0, 0, 0, 0
0.727136, 2133.27, 1024, 1870, 0, 0, 0, 0
0.727821, 2130.84, 1024, 1869, 0, 0, 0, 0
0.728393, 2127.93, 1024, 1868, 0, 0, 0, 0
0.729072, 2125.14, 1024, 1867, 0, 0, 0, 0
0.73002, 2122.17, 1024, 1866, 0, 0, 0, 0
0.73073, 2119.49, 1024, 1865, 0, 0, 0, 0
0.731604, 2115.94, 1024, 1864, 0, 0, 0, 0
0.732335, 2113.84, 1024, 1863, 0, 0, 0, 0
0.733425, 2110.4, 1024, 1862, 0, 0, 0, 0
0.735381, 2105.32, 1024, 1861, 0, 0, 0, 0
0.736401, 2101.84, 1024, 1860, 0, 0, 0, 0
0.737051, 2099.32, 1024, 1859, 0, 0, 0, 0
0.737727, 2096.85, 1024, 1858, 0, 0, 0, 0
0.738406, 2094.11, 1024, 1857, 0, 0, 0, 0
0.740585, 2087.45, 1024, 1856, 0, 0, 0, 0
0.741256, 2084.75, 1024, 1855, 0, 0, 0, 0
0.742357, 2081.17, 1024, 1854, 0, 0, 0, 0
0.743051, 2078.51, 1024, 1853, 0, 0, 0, 0
0.743686, 2074.98, 1024, 1852, 0, 0, 0, 0
0.745124, 2072.94, 1024, 1851, 0, 0, 0, 0
0.746451, 2070.17, 1024, 1850, 0, 0, 0, 0
0.747074, 2067.53, 1024, 1849, 0, 0, 0, 0
0.747743, 2064.97, 1024, 1848, 0, 0, 0, 0
0.748433, 2062.01, 1024, 1847, 0, 0, 0, 0
0.749394, 2058.55, 1024, 1846, 0, 0, 0, 0
0.750089, 2055.94, 1024, 1845, 0, 0, 0, 0
0.750922, 2054.17, 1024, 1844, 0, 0, 0, 0
0.751556, 2051.3, 1024, 1843, 0, 0, 0, 0
0.752225, 2048.33, 1024, 1842, 0, 0, 0, 0
0.753258, 2045.27, 1024, 1841, 0, 0, 0, 0
0.754504, 2042.72, 1024, 1840, 0, 0, 0, 0
0.755435, 2039.27, 1024, 1839, 0, 0, 0, 0
0.756109, 2036.68, 1024, 1838, 0, 0, 0, 0
0.756865, 2033.99, 1024, 1837, 0, 0, 0, 0
0.757543, 2031.26, 1024, 1836, 0, 0, 0, 0
0.758217, 2029.03, 1024, 1835, 0, 0, 0, 0
0.758962, 2026.87, 1024, 1834, 0, 0, 0, 0
0.759969, 2023.49, 1024, 1833, 0, 0, 0, 0
0.760611, 2020.89, 1024, 1832, 0, 0, 0, 0
0.761461, 2018.85, 1024, 1831, 0, 0, 0, 0
0.762957, 2013.73, 1024, 1830, 0, 0, 0, 0
0.764116, 2010.43, 1024, 1829, 0, 0, 0, 0
0.764834, 2007.42, 1024, 1828, 0, 0, 0, 0
0.76547, 2004.7, 1024, 1827, 0, 0, 0, 0
0.766956, 1999.62, 1024, 1826, 0, 0, 0, 0
0.767578, 1996.39, 1024, 1825, 0, 0, 0, 0
0.768171, 1993.61, 1024, 1824, 0, 0, 0, 0
0.768822, 1990.73, 1024, 1823, 0, 0, 0, 0
0.769791, 1987.08, 1024, 1822, 0, 0, 0, 0
0.770441, 1984.35, 1024, 1821, 0, 0, 0, 0
0.77115, 1981.7, 1024, 1820, 0, 0, 0, 0
0.771719, 1978.92, 1024, 1819, 0, 0, 0, 0
0.772961, 1975.91, 1024, 1818, 0, 0, 0, 0
0.774089, 1973.03, 1024, 1817, 0, 0, 0, 0
0.774778, 1970.12, 1024, 1816, 0, 0, 0, 0
0.775913, 1966.68, 1024, 1815, 0, 0, 0, 0
0.776853, 1963.58, 1024, 1814, 0, 0, 0, 0
0.77757, 1960.92, 1024, 1813, 0, 0, 0, 0
0.77829, 1958.08, 1024, 1812, 0, 0, 0, 0
0.779024, 1955.68, 1024, 1811, 0, 0, 0, 0
0.779754, 1953.05, 1024, 1810, 0, 0, 0, 0
0.780775, 1949.5, 1024, 1809, 0, 0, 0, 0
0.781849, 1946.41, 1024, 1808, 0, 0, 0, 0
0.78265, 1944.51, 1024, 1807, 0, 0, 0, 0
0.783368, 1942.04, 1024, 1806, 0, 0, 0, 0
0.78394, 1939.46, 1024, 1805, 0, 0, 0, 0
0.785659, 1936.52, 1024, 1804, 0, 0, 0, 0
0.786454, 1934.42, 1024, 1803, 0, 0, 0, 0
0.788238, 1932.82, 1024, 1802, 0, 0, 0, 0
0.788833, 1930.23, 1024, 1801, 0, 0, 0, 0
0.78943, 1927.35, 1024, 1800, 0, 0, 0, 0
0.790369, 1923.9, 1024, 1799, 0, 0, 0, 0
0.792546, 1917.62, 1024, 1798, 0, 0, 0, 0
0.793522, 1914.23, 1024, 1797, 0, 0, 0, 0
0.794114, 1911.41, 1024, 1796, 0, 0, 0, 0
0.794914, 1908.94, 1024, 1795, 0, 0, 0, 0
0.795685, 1905.92, 1024, 1794, 0, 0, 0, 0
0.79631, 1903.28, 1024, 1793, 0, 0, 0, 0
0.797874, 1900.88, 1024, 1792, 0, 0, 0, 0
0.799835, 1900.05, 1024, 1791, 0, 0, 0, 0
0.800538, 1897.3, 1024, 1790, 0, 0, 0, 0
0.801201, 1894.79, 1024, 1789, 0, 0, 0, 0
0.802345, 1892.41, 1024, 1788, 0, 0, 0, 0
0.803146, 1889.98, 1024, 1787, 0, 0, 0, 0
0.804268, 1885.51, 1024, 1786, 0, 0, 0, 0
0.805025, 1883.16, 1024, 1785, 0, 0, 0, 0
0.806061, 1879.08, 1024, 1784, 0, 0, 0, 0
0.807477, 1876.38, 1024, 1783, 0, 0, 0, 0
0.808506, 1873.58, 1024, 1782, 0, 0, 0, 0
0.80918, 1871.41, 1024, 1781, 0, 0, 0, 0
0.810724, 1868.62, 1024, 1780, 0, 0, 0, 0
0.81145, 1866.71, 1024, 1779, 0, 0, 0, 0
0.812887, 1862.17, 1024, 1778, 0, 0, 0, 0
0.815757, 1859.72, 1024, 1777, 0, 0, 0, 0
0.816797, 1856.77, 1024, 1776, 0, 0, 0, 0
0.817546, 1853.9, 1024, 1775, 0, 0, 0, 0
0.818363, 1851.49, 1024, 1774, 0, 0, 0, 0
0.820234, 1845.96, 1024, 1773, 0, 0, 0, 0
0.821063, 1843.74, 1024, 1772, 0, 0, 0, 0
0.822394, 1839.8, 1024, 1771, 0, 0, 0, 0
0.823472, 1836.75, 1024, 1770, 0, 0, 0, 0
0.824754, 1833.39, 1024, 1769, 0, 0, 0, 0
0.825753, 1830.18, 1024, 1768, 0, 0, 0, 0
0.826548, 1827.37, 1024, 1767, 0, 0, 0, 0
0.827366, 1825.02, 1024, 1766, 0, 0, 0, 0
0.82826, 1822.18, 1024, 1765, 0, 0, 0, 0
0.830081, 1817.74, 1024, 1764, 0, 0, 0, 0
0.83072, 1815.25, 1024, 1763, 0, 0, 0, 0
0.831941, 1812.65, 1024, 1762, 0, 0, 0, 0
0.833412, 1809.78, 1024, 1761, 0, 0, 0, 0
0.836884, 1802.89, 1024, 1760, 0, 0, 0, 0
0.839167, 1798.36, 1024, 1759, 0, 0, 0, 0
0.840337, 1795.39, 1024, 1758, 0, 0, 0, 0
0.841069, 1792.8, 1024, 1757, 0, 0, 0, 0
0.842358, 1789.11, 1024, 1756, 0, 0, 0, 0
0.843255, 1785.61, 1024, 1755, 0, 0, 0, 0
0.845069, 1782.91, 1024, 1754, 0, 0, 0, 0
0.846083, 1779.61, 1024, 1753, 0, 0, 0, 0
0.847564, 1777.34, 1024, 1752, 0, 0, 0, 0
0.848869, 1774.7, 1024, 1751, 0, 0, 0, 0
0.851733, 1770.81, 1024, 1750, 0, 0, 0, 0
0.852471, 1768.34, 1024, 1749, 0, 0, 0, 0
0.85351, 1764.9, 1024, 1748, 0, 0, 0, 0
0.854515, 1762.86, 1024, 1747, 0, 0, 0, 0
0.855944, 1759.61, 1024, 1746, 0, 0, 0, 0
0.858214, 1753.8, 1024, 1745, 0, 0, 0, 0
0.859739, 1750.25, 1024, 1744, 0, 0, 0, 0
0.861657, 1747.16, 1024, 1743, 0, 0, 0, 0
0.862342, 1744.46, 1024, 1742, 0, 0, 0, 0
0.863708, 1742.07, 1024, 1741, 0, 0, 0, 0
0.866003, 1736.4, 1024, 1740, 0, 0, 0, 0
0.869701, 1733.53, 1024, 1739, 0, 0, 0, 0
0.87201, 1732.83, 1024, 1738, 0, 0, 0, 0
0.873582, 1729.79, 1024, 1737, 0, 0, 0, 0
0.874789, 1726.69, 1024, 1736, 0, 0, 0, 0
0.87677, 1723.45, 1024, 1735, 0, 0, 0, 0
0.877787, 1720.44, 1024, 1734, 0, 0, 0, 0
0.879041, 1718.28, 1024, 1733, 0, 0, 0, 0
0.880108, 1715.16, 1024, 1732, 0, 0, 0, 0
0.880699, 1712.79, 1024, 1731, 0, 0, 0, 0
0.881959, 1708.97, 1024, 1730, 0, 0, 0, 0
0.883272, 1706.92, 1024, 1729, 0, 0, 0, 0
0.884931, 1703.48, 1024, 1728, 0, 0, 0, 0
0.885702, 1701.56, 1024, 1727, 0, 0, 0, 0
0.88734, 1698.74, 1024, 1726, 0, 0, 0, 0
0.888052, 1696.31, 1024, 1725, 0, 0, 0, 0
0.888976, 1694.02, 1024, 1724, 0, 0, 0, 0
0.890186, 1690.69, 1024, 1723, 0, 0, 0, 0
0.891818, 1687.94, 1024, 1722, 0, 0, 0, 0
0.893541, 1683.42, 1024, 1721, 0, 0, 0, 0
0.895274, 1679.88, 1024, 1720, 0, 0, 0, 0
0.896034, 1677.35, 1024, 1719, 0, 0, 0, 0
0.897312, 1673.61, 1024, 1718, 0, 0, 0, 0
0.899276, 1667.88, 1024, 1717, 0, 0, 0, 0
0.90023, 1666.2, 1024, 1716, 0, 0, 0, 0
0.901027, 1663.97, 1024, 1715, 0, 0, 0, 0
0.901605, 1661.65, 1024, 1714, 0, 0, 0, 0
0.903251, 1658.55, 1024, 1713, 0, 0, 0, 0
0.904632, 1655.6, 1024, 1712, 0, 0, 0, 0
0.906146, 1651.76, 1024, 1711, 0, 0, 0, 0
0.906672, 1649.48, 1024, 1710, 0, 0, 0, 0
0.907462, 1647.08, 1024, 1709, 0, 0, 0, 0
0.908347, 1645.8, 1024, 1708, 0, 0, 0, 0
0.909692, 1642.47, 1024, 1707, 0, 0, 0, 0
0.911639, 1639.13, 1024, 1706, 0, 0, 0, 0
0.914132, 1634.54, 1024, 1705, 0, 0, 0, 0
0.916191, 1632.99, 1024, 1704, 0, 0, 0, 0
0.918508, 1631.04, 1024, 1703, 0, 0, 0, 0
0.924099, 1630.82, 1024, 1702, 0, 0, 0, 0
0.925142, 1627.96, 1024, 1701, 0, 0, 0, 0
0.927772, 1623.43, 1024, 1700, 0, 0, 0, 0
0.929416, 1620.32, 1024, 1699, 0, 0, 0, 0
0.930321, 1618.74, 1024, 1698, 0, 0, 0, 0
0.932123, 1616.06, 1024, 1697, 0, 0, 0, 0
0.933122, 1612.69, 1024, 1696, 0, 0, 0, 0
0.935726, 1609.28, 1024, 1695, 0, 0, 0, 0
0.937877, 1603.92, 1024, 1694, 0, 0, 0, 0
0.938599, 1601.5, 1024, 1693, 0, 0, 0, 0
0.94047, 1597.25, 1024, 1692, 0, 0, 0, 0
0.941311, 1594.89, 1024, 1691, 0, 0, 0, 0
0.941973, 1593.11, 1024, 1690, 0, 0, 0, 0
0.943272, 1590.84, 1024, 1689, 0, 0, 0, 0
0.944093, 1588.33, 1024, 1688, 0, 0, 0, 0
0.94581, 1583.71, 1024, 1687, 0, 0, 0, 0
0.947122, 1581.18, 1024, 1686, 0, 0, 0, 0
0.948179, 1578.0, 1024, 1685, 0, 0, 0, 0
0.950508, 1572.96, 1024, 1684, 0, 0, 0, 0
0.95179, 1570.48, 1024, 1683, 0, 0, 0, 0
0.952764, 1567.42, 1024, 1682, 0, 0, 0, 0
0.954847, 1565.57, 1024, 1681, 0, 0, 0, 0
0.95571, 1562.35, 1024, 1680, 0, 0, 0, 0
0.95628, 1560.06, 1024, 1679, 0, 0, 0, 0
0.957381, 1557.44, 1024, 1678, 0, 0, 0, 0
0.958283, 1555.75, 1024, 1677, 0, 0, 0, 0
0.959868, 1553.49, 1024, 1676, 0, 0, 0, 0
0.960805, 1551.68, 1024, 1675, 0, 0, 0, 0
0.963773, 1547.66, 1024, 1674, 0, 0, 0, 0
0.965227, 1544.57, 1024, 1673, 0, 0, 0, 0
0.967739, 1540.27, 1024, 1672, 0, 0, 0, 0
0.968405, 1538.2, 1024, 1671, 0, 0, 0, 0
0.970991, 1534.72, 1024, 1670, 0, 0, 0, 0
0.971937, 1533.56, 1024, 1669, 0, 0, 0, 0
0.972726, 1531.65, 1024, 1668, 0, 0, 0, 0
0.974998, 1528.6, 1024, 1667, 0, 0, 0, 0
0.977066, 1525.64, 1024, 1666, 0, 0, 0, 0
0.978628, 1521.85, 1024, 1665, 0, 0, 0, 0
0.979531, 1519.58, 1024, 1664, 0, 0, 0, 0
0.982147, 1516.74, 1024, 1663, 0, 0, 0, 0
0.984689, 1514.43, 1024, 1662, 0, 0, 0, 0
0.987026, 1510.17, 1024, 1661, 0, 0, 0, 0
0.989208, 1506.95, 1024, 1660, 0, 0, 0, 0
0.991564, 1504.23, 1024, 1659, 0, 0, 0, 0
0.992477, 1502.84, 1024, 1658, 0, 0, 0, 0
0.995376, 1500.95, 1024, 1657, 0, 0, 0, 0
0.996187, 1498.6, 1024, 1656, 0, 0, 0, 0
0.997826, 1496.34, 1024, 1655, 0, 0, 0, 0
0.999626, 1492.0, 1024, 1654, 0, 0, 0, 0
1.00154, 1488.94, 1024, 1653, 0, 0, 0, 0
1.00272, 1486.47, 1024, 1652, 0, 0, 0, 0
1.00383, 1483.83, 1024, 1651, 0, 0, 0, 0
1.00727, 1480.63, 1024, 1650, 0, 0, 0, 0
1.00809, 1478.34, 1024, 1649, 0, 0, 0, 0
1.00973, 1473.94, 1024, 1648, 0, 0, 0, 0
1.0108, 1470.63, 1024, 1647, 0, 0, 0, 0
1.01513, 1463.41, 1024, 1646, 0, 0, 0, 0
1.02029, 1455.62, 1024, 1645, 0, 0, 0, 0
1.02279, 1452.0, 1024, 1644, 0, 0, 0, 0
1.02472, 1448.09, 1024, 1643, 0, 0, 0, 0
1.02572, 1446.62, 1024, 1642, 0, 0, 0, 0
1.02814, 1445.16, 1024, 1641, 0, 0, 0, 0
1.02984, 1441.77, 1024, 1640, 0, 0, 0, 0
1.03198, 1437.8, 1024, 1639, 0, 0, 0, 0
1.03298, 1435.86, 1024, 1638, 0, 0, 0, 0
1.03522, 1432.56, 1024, 1637, 0, 0, 0, 0
1.03959, 1428.57, 1024, 1636, 0, 0, 0, 0
1.04194, 1423.58, 1024, 1635, 0, 0, 0, 0
1.05076, 1420.45, 1024, 1634, 0, 0, 0, 0
1.05301, 1415.64, 1024, 1633, 0, 0, 0, 0
1.05476, 1412.95, 1024, 1632, 0, 0, 0, 0
1.05691, 1408.76, 1024, 1631, 0, 0, 0, 0
1.05841, 1406.44, 1024, 1630, 0, 0, 0, 0
1.05966, 1403.51, 1024, 1629, 0, 0, 0, 0
1.06089, 1401.65, 1024, 1628, 0, 0, 0, 0
1.06178, 1399.81, 1024, 1627, 0, 0, 0, 0
1.06525, 1398.26, 1024, 1626, 0, 0, 0, 0
1.06786, 1393.12, 1024, 1625, 0, 0, 0, 0
1.06888, 1390.58, 1024, 1624, 0, 0, 0, 0
1.07007, 1388.1, 1024, 1623, 0, 0, 0, 0
1.07334, 1389.19, 1024, 1622, 0, 0, 0, 0
1.0751, 1387.18, 1024, 1621, 0, 0, 0, 0
1.07614, 1385.32, 1024, 1620, 0, 0, 0, 0
1.07838, 1382.87, 1024, 1619, 0, 0, 0, 0
1.07947, 1380.45, 1024, 1618, 0, 0, 0, 0
1.08025, 1378.91, 1024, 1617, 0, 0, 0, 0
1.08144, 1375.78, 1024, 1616, 0, 0, 0, 0
1.08491, 1370.13, 1024, 1615, 0, 0, 0, 0
1.08887, 1369.19, 1024, 1614, 0, 0, 0, 0
1.09144, 1365.72, 1024, 1613, 0, 0, 0, 0
1.09346, 1362.28, 1024, 1612, 0, 0, 0, 0
1.09483, 1360.17, 1024, 1611, 0, 0, 0, 0
1.09684, 1358.0, 1024, 1610, 0, 0, 0, 0
1.10042, 1353.26, 1024, 1609, 0, 0, 0, 0
1.10136, 1351.78, 1024, 1608, 0, 0, 0, 0
1.10309, 1349.34, 1024, 1607, 0, 0, 0, 0
1.10449, 1347.4, 1024, 1606, 0, 0, 0, 0
1.1112, 1341.74, 1024, 1605, 0, 0, 0, 0
1.11257, 1339.49, 1024, 1604, 0, 0, 0, 0
1.11447, 1336.84, 1024, 1603, 0, 0, 0, 0
1.11516, 1334.74, 1024, 1602, 0, 0, 0, 0
1.11822, 1331.3, 1024, 1601, 0, 0, 0, 0
1.11979, 1329.19, 1024, 1600, 0, 0, 0, 0
1.12172, 1326.56, 1024, 1599, 0, 0, 0, 0
1.12237, 1324.73, 1024, 1598, 0, 0, 0, 0
1.12367, 1321.88, 1024, 1597, 0.0, 0.0, 1.0, 1
1.12273, 1321.55, 1023, 1596, 0.0, 0.0, 1.0, 1
1.12561, 1316.66, 1023, 1595, 0.0, 0.0, 1.0, 1
1.12683, 1315.07, 1023, 1594, 0.0, 0.0, 1.0, 2
1.12581, 1315.19, 1022, 1593, 0.0, 0.0, 1.0, 2
1.1271, 1312.43, 1022, 1592, 0.0, 0.0, 1.0, 2
1.13582, 1302.03, 1022, 1591, 0.0, 0.0, 1.0, 2
1.13841, 1301.42, 1022, 1590, 0.0, 0.0, 1.0, 2
1.13996, 1298.78, 1022, 1589, 0.0, 0.0, 1.0, 2
1.14131, 1296.23, 1022, 1588, 0.0, 0.0, 1.0, 2
1.14324, 1293.51, 1022, 1587, 0.0, 0.0, 1.0, 2
1.14591, 1289.76, 1022, 1586, 0.0, 0.0, 1.0, 2
1.1473, 1287.21, 1022, 1585, 0.0, 0.0, 1.0, 2
1.14849, 1284.81, 1022, 1584, 0.0, 0.0, 1.0, 2
1.15015, 1282.14, 1022, 1583, 0.0, 0.0, 1.0, 2
1.15143, 1279.87, 1022, 1582, 0.0, 0.0, 1.0, 2
1.15242, 1277.43, 1022, 1581, 0.0, 0.0, 1.0, 2
1.15543, 1273.47, 1022, 1580, 0.0, 0.0, 1.0, 2
1.15778, 1270.79, 1022, 1579, 0.0, 0.0, 1.0, 2
1.16084, 1269.67, 1022, 1578, 0.0, 0.0, 1.0, 2
1.16224, 1266.72, 1022, 1577, 0.0, 0.0, 1.0, 2
1.16958, 1259.1, 1022, 1576, 0.0, 0.0, 1.0, 2
1.17474, 1257.24, 1022, 1575, 0.0, 0.0, 1.0, 2
1.17651, 1254.43, 1022, 1574, 0.0, 0.0, 1.0, 2
1.17781, 1252.39, 1022, 1573, 0.0, 0.0, 1.0, 2
1.17888, 1249.92, 1022, 1572, 0.0, 0.0, 1.0, 2
1.17994, 1247.48, 1022, 1571, 0.0, 0.0, 1.0, 2
1.18131, 1244.95, 1022, 1570, 0.0, 0.0, 1.0, 2
1.18464, 1240.91, 1022, 1569, 0.0, 0.0, 1.0, 2
1.18626, 1238.07, 1022, 1568, 0.0, 0.0, 1.0, 2
1.18759, 1236.04, 1022, 1567, 0.0, 0.0, 1.0, 2
1.18945, 1233.75, 1022, 1566, 0.0, 0.0, 1.0, 2
1.19066, 1231.71, 1022, 1565, 0.0, 0.0, 1.0, 2
1.1922, 1229.27, 1022, 1564, 0.0, 0.0, 1.0, 2
1.19346, 1226.71, 1022, 1563, 0.0, 0.0, 1.0, 2
1.19422, 1225.07, 1022, 1562, 0.0, 0.0, 1.0, 2
1.19915, 1220.56, 1022, 1561, 0.0, 0.0, 1.0, 3
1.19808, 1220.39, 1021, 1560, 0.0, 0.0, 1.0, 3
1.20067, 1217.15, 1021, 1559, 0.0, 0.0, 1.0, 3
1.2022, 1214.41, 1021, 1558, 0.0, 0.0, 1.0, 3
1.20458, 1210.44, 1021, 1557, 0.0, 0.0, 1.0, 3
1.20641, 1207.53, 1021, 1556, 0.0, 0.0, 1.0, 3
1.20762, 1205.93, 1021, 1555, 0.0, 0.0, 1.0, 3
1.21163, 1202.61, 1021, 1554, 0.0, 0.0, 1.0, 3
1.21701, 1200.4, 1021, 1553, 0.0, 0.0, 1.0, 3
1.21848, 1197.84, 1021, 1552, 0.0, 0.0, 1.0, 4
1.21751, 1197.79, 1020, 1551, 0.0, 0.0, 1.0, 4
1.2244, 1192.12, 1020, 1550, 0.0, 0.0, 1.0, 4
1.22523, 1190.71, 1020, 1549, 0.0, 0.0, 1.0, 4
1.22648, 1188.67, 1020, 1548, 0.0, 0.0, 1.0, 4
1.22727, 1187.16, 1020, 1547, 0.0, 0.0, 1.0, 4
1.22983, 1184.34, 1020, 1546, 0.0, 0.0, 1.0, 4
1.23152, 1182.13, 1020, 1545, 0.0, 0.0, 1.0, 4
1.23433, 1179.48, 1020, 1544, 0.0, 0.0, 1.0, 4
1.23585, 1176.93, 1020, 1543, 0.0, 0.0, 1.0, 5
1.23477, 1177.05, 1019, 1542, 0.0, 0.0, 1.0, 5
1.23635, 1175.01, 1019, 1541, 0.0, 0.0, 1.0, 5
1.23686, 1173.8, 1019, 1540, 0.0, 0.0, 1.0, 5
1.23785, 1172.09, 1019, 1539, 0.0, 0.0, 1.0, 5
1.23852, 1170.6, 1019, 1538, 0.0, 0.0, 1.0, 5
1.24167, 1166.32, 1019, 1537, 0.0, 0.0, 1.0, 5
1.24411, 1162.42, 1019, 1536, 0.0, 0.0, 1.0, 5
1.24552, 1159.62, 1019, 1535, 0.0, 0.0, 1.0, 5
1.25046, 1155.93, 1019, 1534, 0.0, 0.0, 1.0, 5
1.25266, 1155.05, 1019, 1533, 0.0, 0.0, 1.0, 5
1.2563, 1152.04, 1019, 1532, 0.0, 0.0, 1.0, 5
1.25889, 1149.3, 1019, 1531, 0.0, 0.0, 1.0, 5
1.26186, 1145.89, 1019, 1530, 0.0, 0.0, 1.0, 5
1.26358, 1143.17, 1019, 1529, 0.0, 0.0, 1.0, 5
1.26616, 1141.01, 1019, 1528, 0.0, 0.0, 1.0, 5
1.26804, 1139.24, 1019, 1527, 0.0, 0.0, 1.0, 5
1.26898, 1137.52, 1019, 1526, 0.0, 0.0, 1.0, 5
1.26972, 1135.88, 1019, 1525, 0.0, 0.0, 1.0, 5
1.27072, 1134.73, 1019, 1524, 0.0, 0.0, 1.0, 5
1.2741, 1132.4, 1019, 1523, 0.0, 0.0, 1.0, 5
1.27542, 1130.83, 1019, 1522, 0.0, 0.0, 1.0, 5
1.28319, 1132.77, 1019, 1521, 0.0, 0.0, 1.0, 5
1.28406, 1130.95, 1019, 1520, 0.0, 0.0, 1.0, 5
1.28664, 1128.42, 1019, 1519, 0.0, 0.0, 1.0, 5
1.29172, 1122.82, 1019, 1518, 0.0, 0.0, 1.0, 5
1.29357, 1120.05, 1019, 1517, 0.0, 0.0, 1.0, 5
1.295, 1117.6, 1019, 1516, 0.0, 0.0, 1.0, 5
1.29721, 1114.15, 1019, 1515, 0.0, 0.0, 1.0, 5
1.29831, 1112.2, 1019, 1514, 0.0, 0.0, 1.0, 5
1.30407, 1115.62, 1019, 1513, 0.0, 0.0, 1.0, 5
1.30683, 1111.74, 1019, 1512, 0.0, 0.0, 1.0, 5
1.3085, 1109.56, 1019, 1511, 0.0, 0.0, 1.0, 5
1.31543, 1103.66, 1019, 1510, 0.0, 0.0, 1.0, 5
1.31799, 1101.84, 1019, 1509, 0.0, 0.0, 1.0, 5
1.32135, 1098.85, 1019, 1508, 0.0, 0.0, 1.0, 5
1.32489, 1095.35, 1019, 1507, 0.0, 0.0, 1.0, 5
1.33145, 1093.98, 1019, 1506, 0.0, 0.0, 1.0, 5
1.33466, 1091.41, 1019, 1505, 0.0, 0.0, 1.0, 5
1.33598, 1089.09, 1019, 1504, 0.0, 0.0, 1.0, 5
1.34114, 1084.38, 1019, 1503, 0.0, 0.0, 1.0, 5
1.34181, 1082.81, 1019, 1502, 0.0, 0.0, 1.0, 5
1.3431, 1081.6, 1019, 1501, 0.0, 0.0, 1.0, 5
1.34463, 1079.66, 1019, 1500, 0.0, 0.0, 1.0, 5
1.34891, 1075.49, 1019, 1499, 0.0, 0.0, 1.0, 5
1.35195, 1073.87, 1019, 1498, 0.0, 0.0, 1.0, 5
1.35585, 1071.6, 1019, 1497, 0.0, 0.0, 1.0, 5
1.35808, 1069.09, 1019, 1496, 0.0, 0.0, 1.0, 5
1.36005, 1067.08, 1019, 1495, 0.0, 0.0, 1.0, 6
1.35934, 1066.53, 1018, 1494, 0.0, 0.0, 1.0, 6
1.36016, 1065.04, 1018, 1493, 0.0, 0.0, 1.0, 6
1.36901, 1057.88, 1018, 1492, 0.0, 0.0, 1.0, 6
1.37001, 1056.11, 1018, 1491, 0.0, 0.0, 1.0, 6
1.37753, 1052.1, 1018, 1490, 0.0, 0.0, 1.0, 6
1.37833, 1050.62, 1018, 1489, 0.0, 0.0, 1.0, 6
1.38111, 1046.74, 1018, 1488, 0.0, 0.0, 1.0, 6
1.38233, 1044.42, 1018, 1487, 0.0, 0.0, 1.0, 6
1.3849, 1042.29, 1018, 1486, 0.0, 0.0, 1.0, 6
1.39058, 1038.98, 1018, 1485, 0.0, 0.0, 1.0, 6
1.39751, 1035.73, 1018, 1484, 0.0, 0.0, 1.0, 6
1.39931, 1033.55, 1018, 1483, 0.0, 0.0, 1.0, 6
1.40142, 1031.73, 1018, 1482, 0.0, 0.0, 1.0, 6
1.40379, 1028.95, 1018, 1481, 0.0, 0.0, 1.0, 6
1.40572, 1026.73, 1018, 1480, 0.0, 0.0, 1.0, 6
1.40866, 1024.44, 1018, 1479, 0.0, 0.0, 1.0, 6
1.41133, 1022.22, 1018, 1478, 0.0, 0.0, 1.0, 6
1.41236, 1020.86, 1018, 1477, 0.0, 0.0, 1.0, 6
1.41356, 1018.53, 1018, 1476, 0.0, 0.0, 1.0, 7
1.4103, 1020.14, 1017, 1475, 0.0, 0.0, 1.0, 7
1.41307, 1017.36, 1017, 1474, 0.0, 0.0, 1.0, 7
1.42746, 1018.63, 1017, 1473, 0.0, 0.0, 1.0, 7
1.42882, 1016.47, 1017, 1472, 0.0, 0.0, 1.0, 7
1.43175, 1012.92, 1017, 1471, 0.0, 0.0, 1.0, 7
1.43531, 1010.04, 1017, 1470, 0.0, 0.0, 1.0, 7
1.43799, 1006.94, 1017, 1469, 0.0, 0.0, 1.0, 7
1.44094, 1003.98, 1017, 1468, 0.0, 0.0, 1.0, 7
1.44257, 1002.14, 1017, 1467, 0.0, 0.0, 1.0, 7
1.44412, 999.819, 1017, 1466, 0.0, 0.0, 1.0, 7
1.44518, 998.163, 1017, 1465, 0.0, 0.0, 1.0, 7
1.44655, 996.573, 1017, 1464, 0.0, 0.0, 1.0, 7
1.45047, 994.008, 1017, 1463, 0.0, 0.0, 1.0, 7
1.4517, 992.209, 1017, 1462, 0.0, 0.0, 1.0, 7
1.45484, 988.943, 1017, 1461, 0.0, 0.0, 1.0, 7
1.45745, 985.157, 1017, 1460, 0.0, 0.0, 1.0, 7
1.45871, 983.6, 1017, 1459, 0.0, 0.0, 1.0, 7
1.47429, 985.326, 1017, 1458, 0.0, 0.0, 1.0, 7
1.48047, 982.213, 1017, 1457, 0.0, 0.0, 1.0, 7
1.48164, 980.611, 1017, 1456, 0.0, 0.0, 1.0, 7
1.48619, 977.11, 1017, 1455, 0.0, 0.0, 1.0, 7
1.48809, 974.834, 1017, 1454, 0.0, 0.0, 1.0, 7
1.49057, 973.796, 1017, 1453, 0.0, 0.0, 1.0, 7
1.49306, 971.117, 1017, 1452, 0.0, 0.0, 1.0, 7
1.49517, 969.408, 1017, 1451, 0.0, 0.0, 1.0, 7
1.49811, 967.741, 1017, 1450, 0.0, 0.0, 1.0, 7
1.50653, 967.253, 1017, 1449, 0.0, 0.0, 1.0, 7
1.51132, 963.528, 1017, 1448, 0.0, 0.0, 1.0, 7
1.51718, 960.391, 1017, 1447, 0.0, 0.0, 1.0, 7
1.51833, 958.834, 1017, 1446, 0.0, 0.0, 1.0, 7
1.52152, 957.123, 1017, 1445, 0.0, 0.0, 1.0, 7
1.52317, 954.893, 1017, 1444, 0.0, 0.0, 1.0, 7
1.52891, 953.361, 1017, 1443, 0.0, 0.0, 1.0, 7
1.5325, 950.517, 1017, 1442, 0.0, 0.0, 1.0, 7
1.53439, 948.925, 1017, 1441, 0.0, 0.0, 1.0, 7
1.54072, 944.86, 1017, 1440, 0.0, 0.0, 1.0, 7
1.55084, 944.466, 1017, 1439, 0.0, 0.0, 1.0, 8
1.5473, 946.114, 1016, 1438, 0.0, 0.0, 1.0, 8
1.54925, 944.08, 1016, 1437, 0.0, 0.0, 1.0, 8
1.55171, 942.355, 1016, 1436, 0.0, 0.0, 1.0, 8
1.55447, 940.3, 1016, 1435, 0.0, 0.0, 1.0, 8
1.55575, 938.468, 1016, 1434, 0.0, 0.0, 1.0, 8
1.55769, 936.268, 1016, 1433, 0.0, 0.0, 1.0, 8
1.55932, 934.126, 1016, 1432, 0.0, 0.0, 1.0, 8
1.56059, 932.003, 1016, 1431, 0.0, 0.0, 1.0, 8
1.56255, 930.219, 1016, 1430, 0.0, 0.0, 1.0, 8
1.56524, 927.761, 1016, 1429, 0.0, 0.0, 1.0, 8
1.57082, 921.766, 1016, 1428, 0.0, 0.0, 1.0, 8
1.57424, 919.073, 1016, 1427, 0.0, 0.0, 1.0, 8
1.57921, 914.486, 1016, 1426, 0.0, 0.0, 1.0, 8
1.58152, 912.251, 1016, 1425, 0.0, 0.0, 1.0, 8
1.58337, 910.129, 1016, 1424, 0.0, 0.0, 1.0, 8
1.58575, 907.041, 1016, 1423, 0.0, 0.0, 1.0, 8
1.58736, 905.214, 1016, 1422, 0.0, 0.0, 1.0, 8
1.59235, 904.348, 1016, 1421, 0.0, 0.0, 1.0, 8
1.59624, 901.295, 1016, 1420, 0.0, 0.0, 1.0, 9
1.59444, 901.445, 1015, 1419, 0.0, 0.0, 1.0, 9
1.59745, 898.123, 1015, 1417, 0.025, 0.0659845, 1.1, 10
1.595, 898.005, 1013, 1416, 0.025, 0.0659845, 1.1, 10
1.59754, 896.128, 1013, 1415, 0.025, 0.0659845, 1.1, 10
1.6209, 893.489, 1013, 1414, 0.025, 0.0659845, 1.1, 10
1.62285, 891.867, 1013, 1413, 0.025, 0.0659845, 1.1, 10
1.62799, 889.989, 1013, 1412, 0.025, 0.0659845, 1.1, 10
1.62994, 888.063, 1013, 1411, 0.025, 0.0659845, 1.1, 10
1.63157, 886.196, 1013, 1410, 0.025, 0.0659845, 1.1, 10
1.63794, 882.063, 1013, 1409, 0.025, 0.0659845, 1.1, 10
1.64144, 878.837, 1013, 1408, 0.025, 0.0659845, 1.1, 10
1.66455, 883.646, 1013, 1407, 0.025, 0.0659845, 1.1, 10
1.6688, 880.122, 1013, 1406, 0.025, 0.0659845, 1.1, 10
1.67109, 877.67, 1013, 1405, 0.025, 0.0659845, 1.1, 10
1.68044, 871.694, 1013, 1404, 0.025, 0.0659845, 1.1, 10
1.68216, 869.752, 1013, 1403, 0.025, 0.0659845, 1.1, 10
1.6843, 867.379, 1013, 1402, 0.025, 0.0659845, 1.1, 10
1.68548, 866.219, 1013, 1401, 0.025, 0.0659845, 1.1, 10
1.69344, 864.081, 1013, 1400, 0.025, 0.0659845, 1.1, 10
1.70188, 857.61, 1013, 1399, 0.025, 0.0659845, 1.1, 10
1.70363, 855.59, 1013, 1398, 0.025, 0.0659845, 1.1, 10
1.70819, 851.214, 1013, 1397, 0.025, 0.0659845, 1.1, 10
1.7208, 846.247, 1013, 1396, 0.025, 0.0659845, 1.1, 10
1.73055, 844.68, 1013, 1395, 0.025, 0.0659845, 1.1, 10
1.73607, 841.806, 1013, 1394, 0.025, 0.0659845, 1.1, 10
1.74631, 837.063, 1013, 1393, 0.025, 0.0659845, 1.1, 10
1.74827, 835.427, 1013, 1392, 0.025, 0.0659845, 1.1, 10
1.75401, 835.382, 1013, 1391, 0.025, 0.0659845, 1.1, 10
1.75726, 831.06, 1013, 1390, 0.025, 0.0659845, 1.1, 10
1.75993, 828.726, 1013, 1389, 0.025, 0.0659845, 1.1, 10
1.77372, 824.582, 1013, 1388, 0.025, 0.0659845, 1.1, 10
1.77488, 823.258, 1013, 1387, 0.025, 0.0659845, 1.1, 10
1.78602, 820.169, 1013, 1386, 0.025, 0.0659845, 1.1, 10
1.78991, 817.616, 1013, 1385, 0.025, 0.0659845, 1.1, 10
1.79562, 815.916, 1013, 1384, 0.025, 0.0659845, 1.1, 10
1.7987, 813.204, 1013, 1383, 0.025, 0.0659845, 1.1, 10
1.81024, 811.055, 1013, 1382, 0.025, 0.0659845, 1.1, 10
1.81373, 807.844, 1013, 1381, 0.025, 0.0659845, 1.1, 10
1.81738, 804.479, 1013, 1380, 0.025, 0.0659845, 1.1, 10
1.82017, 802.213, 1013, 1379, 0.025, 0.0659845, 1.1, 10
1.83165, 797.74, 1013, 1378, 0.025, 0.0659845, 1.1, 10
1.83465, 795.603, 1013, 1377, 0.025, 0.0659845, 1.1, 10
1.84295, 790.422, 1013, 1376, 0.025, 0.0659845, 1.1, 10
1.84549, 788.472, 1013, 1375, 0.025, 0.0659845, 1.1, 10
1.84942, 786.523, 1013, 1374, 0.025, 0.0659845, 1.1, 10
1.85334, 785.171, 1013, 1373, 0.025, 0.0659845, 1.1, 10
1.85587, 783.771, 1013, 1372, 0.025, 0.0659845, 1.1, 10
1.85882, 781.924, 1013, 1371, 0.025, 0.0659845, 1.1, 10
1.86103, 780.057, 1013, 1370, 0.025, 0.0659845, 1.1, 10
1.8722, 776.954, 1013, 1369, 0.025, 0.0659845, 1.1, 10
1.87279, 776.065, 1013, 1368, 0.025, 0.0659845, 1.1, 10
1.87425, 774.283, 1013, 1367, 0.025, 0.0659845, 1.1, 10
1.89552, 777.813, 1013, 1366, 0.0227272727273, 0.0599859090909, 1.09090909091, 11
1.89264, 777.598, 1012, 1365, 0.0227272727273, 0.0599859090909, 1.09090909091, 11
1.89467, 775.729, 1012, 1364, 0.0208333333333, 0.0549870833333, 1.08333333333, 12
1.89343, 774.924, 1011, 1363, 0.0208333333333, 0.0549870833333, 1.08333333333, 12
1.89571, 773.319, 1011, 1362, 0.0192307692308, 0.0507573076923, 1.07692307692, 13
1.89387, 773.467, 1010, 1361, 0.0192307692308, 0.0507573076923, 1.07692307692, 13
1.90316, 771.236, 1010, 1360, 0.0192307692308, 0.0507573076923, 1.07692307692, 13
1.90966, 769.314, 1010, 1359, 0.0192307692308, 0.0507573076923, 1.07692307692, 13
1.93167, 767.944, 1010, 1358, 0.0192307692308, 0.0507573076923, 1.07692307692, 13
1.97165, 768.49, 1010, 1357, 0.0192307692308, 0.0507573076923, 1.07692307692, 13
1.9747, 766.858, 1010, 1356, 0.0192307692308, 0.0507573076923, 1.07692307692, 13
1.98833, 762.034, 1010, 1354, 0.0357142857143, 0.0942635714286, 1.14285714286, 14
1.98431, 761.652, 1008, 1353, 0.0357142857143, 0.0942635714286, 1.14285714286, 14
1.98651, 760.025, 1008, 1352, 0.0357142857143, 0.0942635714286, 1.14285714286, 14
1.99002, 757.888, 1008, 1351, 0.0333333333333, 0.0879793333333, 1.13333333333, 15
1.98846, 757.673, 1007, 1350, 0.0333333333333, 0.0879793333333, 1.13333333333, 15
1.98977, 756.586, 1007, 1349, 0.0333333333333, 0.0879793333333, 1.13333333333, 15
1.99956, 755.817, 1007, 1348, 0.0333333333333, 0.0879793333333, 1.13333333333, 15
2.00656, 751.407, 1007, 1347, 0.0333333333333, 0.0879793333333, 1.13333333333, 15
2.01055, 748.751, 1007, 1346, 0.0333333333333, 0.0879793333333, 1.13333333333, 15
2.0252, 742.428, 1007, 1345, 0.0333333333333, 0.0879793333333, 1.13333333333, 15
2.05656, 750.245, 1007, 1344, 0.0333333333333, 0.0879793333333, 1.13333333333, 15
2.0671, 745.27, 1007, 1343, 0.0333333333333, 0.0879793333333, 1.13333333333, 15
2.0796, 744.463, 1007, 1342, 0.0333333333333, 0.0879793333333, 1.13333333333, 15
2.08159, 743.259, 1007, 1341, 0.0333333333333, 0.0879793333333, 1.13333333333, 15
2.08557, 741.379, 1007, 1340, 0.0333333333333, 0.0879793333333, 1.13333333333, 15
2.09605, 736.133, 1007, 1339, 0.0333333333333, 0.0879793333333, 1.13333333333, 15
2.10562, 731.417, 1007, 1338, 0.0333333333333, 0.0879793333333, 1.13333333333, 15
2.11681, 728.249, 1007, 1337, 0.0333333333333, 0.0879793333333, 1.13333333333, 15
2.11941, 726.118, 1007, 1336, 0.0333333333333, 0.0879793333333, 1.13333333333, 15
2.14796, 721.473, 1007, 1335, 0.0333333333333, 0.0879793333333, 1.13333333333, 15
2.1495, 720.106, 1007, 1334, 0.0333333333333, 0.0879793333333, 1.13333333333, 15
2.17947, 711.023, 1007, 1333, 0.0333333333333, 0.0879793333333, 1.13333333333, 15
2.18117, 709.69, 1007, 1332, 0.0333333333333, 0.0879793333333, 1.13333333333, 15
2.18857, 707.481, 1007, 1331, 0.0333333333333, 0.0879793333333, 1.13333333333, 15
2.19841, 704.557, 1007, 1330, 0.0333333333333, 0.0879793333333, 1.13333333333, 15
2.19988, 703.847, 1007, 1329, 0.0333333333333, 0.0879793333333, 1.13333333333, 15
2.20109, 702.972, 1007, 1328, 0.0333333333333, 0.0879793333333, 1.13333333333, 15
2.20297, 701.345, 1007, 1327, 0.0333333333333, 0.0879793333333, 1.13333333333, 15
2.20494, 699.383, 1007, 1326, 0.0333333333333, 0.0879793333333, 1.13333333333, 15
2.21064, 696.148, 1007, 1325, 0.0333333333333, 0.0879793333333, 1.13333333333, 15
2.21737, 693.0, 1007, 1324, 0.0333333333333, 0.0879793333333, 1.13333333333, 15
2.22754, 686.48, 1007, 1323, 0.0333333333333, 0.0879793333333, 1.13333333333, 15
2.23121, 684.515, 1007, 1322, 0.03125, 0.082480625, 1.125, 16
2.23036, 684.068, 1006, 1321, 0.03125, 0.082480625, 1.125, 16
2.23269, 682.461, 1006, 1320, 0.03125, 0.082480625, 1.125, 16
2.34554, 653.88, 1006, 1319, 0.0294117647059, 0.0776288235294, 1.11764705882, 17
2.34377, 653.93, 1005, 1318, 0.0294117647059, 0.0776288235294, 1.11764705882, 17
2.34833, 651.838, 1005, 1317, 0.0294117647059, 0.0776288235294, 1.11764705882, 17
2.35278, 649.136, 1005, 1316, 0.0294117647059, 0.0776288235294, 1.11764705882, 17
2.35765, 648.236, 1005, 1315, 0.0294117647059, 0.0776288235294, 1.11764705882, 17
2.35912, 647.304, 1005, 1314, 0.0294117647059, 0.0776288235294, 1.11764705882, 17
2.36081, 645.93, 1005, 1313, 0.0294117647059, 0.0776288235294, 1.11764705882, 17
2.36366, 645.059, 1005, 1312, 0.0294117647059, 0.0776288235294, 1.11764705882, 17
2.3737, 641.775, 1005, 1311, 0.0294117647059, 0.0776288235294, 1.11764705882, 17
2.3789, 639.203, 1005, 1310, 0.0294117647059, 0.0776288235294, 1.11764705882, 17
2.38143, 637.932, 1005, 1309, 0.0294117647059, 0.0776288235294, 1.11764705882, 17
2.38405, 636.448, 1005, 1308, 0.0294117647059, 0.0776288235294, 1.11764705882, 17
2.39069, 634.631, 1005, 1307, 0.0294117647059, 0.0776288235294, 1.11764705882, 17
2.3991, 632.15, 1005, 1306, 0.0294117647059, 0.0776288235294, 1.11764705882, 17
2.41271, 629.617, 1005, 1305, 0.0294117647059, 0.0776288235294, 1.11764705882, 17
2.41378, 628.821, 1005, 1303, 0.0416666666667, 0.109974166667, 1.16666666667, 18
2.40807, 629.524, 1003, 1302, 0.0416666666667, 0.109974166667, 1.16666666667, 18
2.42283, 627.822, 1003, 1301, 0.0416666666667, 0.109974166667, 1.16666666667, 18
2.42617, 625.942, 1003, 1300, 0.0416666666667, 0.109974166667, 1.16666666667, 18
2.43295, 623.157, 1003, 1299, 0.0416666666667, 0.109974166667, 1.16666666667, 18
2.43717, 621.966, 1003, 1298, 0.0394736842105, 0.104186052632, 1.15789473684, 19
2.43686, 621.312, 1002, 1297, 0.0394736842105, 0.104186052632, 1.15789473684, 19
2.44295, 618.871, 1002, 1296, 0.0394736842105, 0.104186052632, 1.15789473684, 19
2.44482, 617.585, 1002, 1290, 0.0605, 0.19059075, 1.35, 20
2.43676, 617.182, 997, 1289, 0.0605, 0.19059075, 1.35, 20
2.44033, 614.511, 997, 1288, 0.0605, 0.19059075, 1.35, 20
2.45696, 609.498, 997, 1287, 0.0605, 0.19059075, 1.35, 20
2.46091, 608.3, 997, 1286, 0.0605, 0.19059075, 1.35, 20
2.46326, 606.552, 997, 1285, 0.0605, 0.19059075, 1.35, 20
2.46419, 605.791, 997, 1284, 0.0605, 0.19059075, 1.35, 20
2.4705, 602.978, 997, 1283, 0.0605, 0.19059075, 1.35, 20
2.47452, 601.128, 997, 1282, 0.0605, 0.19059075, 1.35, 20
2.47588, 599.847, 997, 1281, 0.0605, 0.19059075, 1.35, 20
2.4991, 596.764, 997, 1280, 0.0605, 0.19059075, 1.35, 20
2.52898, 594.908, 997, 1279, 0.0605, 0.19059075, 1.35, 20
2.5356, 591.596, 997, 1278, 0.0605, 0.19059075, 1.35, 20
2.5383, 589.791, 997, 1277, 0.057619047619, 0.181515, 1.33333333333, 21
2.53773, 589.378, 996, 1276, 0.055, 0.173264318182, 1.31818181818, 22
2.53795, 588.625, 995, 1275, 0.055, 0.173264318182, 1.31818181818, 22
2.54405, 588.658, 995, 1274, 0.055, 0.173264318182, 1.31818181818, 22
2.55318, 587.252, 995, 1273, 0.055, 0.173264318182, 1.31818181818, 22
2.55493, 586.523, 995, 1272, 0.055, 0.173264318182, 1.31818181818, 22
2.5727, 583.028, 995, 1271, 0.055, 0.173264318182, 1.31818181818, 22
2.57464, 581.992, 995, 1270, 0.055, 0.173264318182, 1.31818181818, 22
2.61204, 581.069, 995, 1269, 0.055, 0.173264318182, 1.31818181818, 22
2.61792, 578.611, 995, 1268, 0.055, 0.173264318182, 1.31818181818, 22
2.6241, 576.37, 995, 1267, 0.055, 0.173264318182, 1.31818181818, 22
2.63226, 572.146, 995, 1266, 0.055, 0.173264318182, 1.31818181818, 22
2.63453, 570.796, 995, 1265, 0.055, 0.173264318182, 1.31818181818, 22
2.6545, 564.599, 995, 1264, 0.055, 0.173264318182, 1.31818181818, 22
2.66812, 561.016, 995, 1263, 0.055, 0.173264318182, 1.31818181818, 22
2.66934, 560.573, 995, 1262, 0.055, 0.173264318182, 1.31818181818, 22
2.67203, 559.346, 995, 1261, 0.055, 0.173264318182, 1.31818181818, 22
2.73138, 558.834, 995, 1260, 0.055, 0.173264318182, 1.31818181818, 22
2.7736, 562.058, 995, 1259, 0.055, 0.173264318182, 1.31818181818, 22
2.77567, 560.89, 995, 1258, 0.055, 0.173264318182, 1.31818181818, 22
2.78201, 560.124, 995, 1257, 0.0526086956522, 0.165731086957, 1.30434782609, 23
2.78134, 559.592, 994, 1256, 0.0526086956522, 0.165731086957, 1.30434782609, 23
2.78277, 558.915, 994, 1252, 0.0764583333333, 0.200538958333, 1.41666666667, 24
2.77707, 557.269, 990, 1251, 0.0764583333333, 0.200538958333, 1.41666666667, 24
2.79856, 554.123, 990, 1250, 0.0734, 0.1925174, 1.4, 25
2.79611, 553.804, 989, 1249, 0.0734, 0.1925174, 1.4, 25
2.8014, 552.942, 989, 1248, 0.0734, 0.1925174, 1.4, 25
2.80719, 552.655, 989, 1247, 0.0734, 0.1925174, 1.4, 25
2.81563, 550.283, 989, 1246, 0.0734, 0.1925174, 1.4, 25
2.81869, 548.93, 989, 1245, 0.0734, 0.1925174, 1.4, 25
2.82639, 545.56, 989, 1244, 0.0734, 0.1925174, 1.4, 25
2.83053, 544.575, 989, 1243, 0.0734, 0.1925174, 1.4, 25
2.83804, 542.625, 989, 1242, 0.0734, 0.1925174, 1.4, 25
2.8445, 541.998, 989, 1241, 0.0734, 0.1925174, 1.4, 25
2.85233, 539.931, 989, 1240, 0.0705769230769, 0.185112884615, 1.38461538462, 26
2.85163, 539.372, 988, 1227, 0.111494444444, 0.273339814815, 1.77777777778, 27
2.74802, 550.099, 976, 1226, 0.111494444444, 0.273339814815, 1.77777777778, 27
2.75687, 548.257, 976, 1225, 0.111494444444, 0.273339814815, 1.77777777778, 27
2.7652, 545.417, 976, 1224, 0.1075125, 0.263577678571, 1.75, 28
2.76451, 544.437, 975, 1223, 0.1075125, 0.263577678571, 1.75, 28
2.7677, 543.281, 975, 1222, 0.1075125, 0.263577678571, 1.75, 28
2.78027, 543.391, 975, 1221, 0.1075125, 0.263577678571, 1.75, 28
2.78904, 541.442, 975, 1220, 0.1075125, 0.263577678571, 1.75, 28
2.79843, 538.877, 975, 1219, 0.1075125, 0.263577678571, 1.75, 28
2.80883, 535.578, 975, 1218, 0.1075125, 0.263577678571, 1.75, 28
2.81478, 533.764, 975, 1217, 0.1075125, 0.263577678571, 1.75, 28
2.83265, 530.933, 975, 1216, 0.1075125, 0.263577678571, 1.75, 28
2.88325, 528.505, 975, 1215, 0.1075125, 0.263577678571, 1.75, 28
2.88816, 527.267, 975, 1214, 0.1075125, 0.263577678571, 1.75, 28
2.89394, 525.65, 975, 1213, 0.1075125, 0.263577678571, 1.75, 28
2.89757, 523.617, 975, 1212, 0.1075125, 0.263577678571, 1.75, 28
2.92362, 524.698, 975, 1210, 0.112425862069, 0.277242068966, 1.75862068966, 29
2.92053, 524.083, 973, 1209, 0.112425862069, 0.277242068966, 1.75862068966, 29
2.94399, 519.357, 973, 1208, 0.108678333333, 0.268000666667, 1.73333333333, 30
2.93971, 519.68, 972, 1207, 0.108678333333, 0.268000666667, 1.73333333333, 30
2.95084, 517.039, 972, 1206, 0.105172580645, 0.259355483871, 1.70967741935, 31
2.94904, 516.773, 971, 1205, 0.105172580645, 0.259355483871, 1.70967741935, 31
2.95158, 515.683, 971, 1204, 0.105172580645, 0.259355483871, 1.70967741935, 31
2.97232, 511.545, 971, 1203, 0.105172580645, 0.259355483871, 1.70967741935, 31
2.98313, 510.605, 971, 1202, 0.105172580645, 0.259355483871, 1.70967741935, 31
3.00835, 505.775, 971, 1201, 0.105172580645, 0.259355483871, 1.70967741935, 31
3.01301, 504.053, 971, 1200, 0.105172580645, 0.259355483871, 1.70967741935, 31
3.01933, 503.023, 971, 1199, 0.105172580645, 0.259355483871, 1.70967741935, 31
3.02238, 502.164, 971, 1198, 0.105172580645, 0.259355483871, 1.70967741935, 31
3.02673, 500.604, 971, 1197, 0.105172580645, 0.259355483871, 1.70967741935, 31
3.12294, 499.826, 971, 1196, 0.105172580645, 0.259355483871, 1.70967741935, 31
3.22923, 523.698, 971, 1195, 0.105172580645, 0.259355483871, 1.70967741935, 31
3.23344, 521.907, 971, 1194, 0.105172580645, 0.259355483871, 1.70967741935, 31
3.23941, 519.404, 971, 1189, 0.1268859375, 0.2874565625, 1.8125, 32
3.22589, 519.364, 966, 1188, 0.1268859375, 0.2874565625, 1.8125, 32
3.22801, 518.259, 966, 1186, 0.130616666667, 0.298741060606, 1.81818181818, 33
3.2209, 517.834, 964, 1185, 0.130616666667, 0.298741060606, 1.81818181818, 33
3.25075, 512.607, 964, 1184, 0.130616666667, 0.298741060606, 1.81818181818, 33
3.26617, 508.04, 964, 1183, 0.130616666667, 0.298741060606, 1.81818181818, 33
3.27058, 506.041, 964, 1182, 0.130616666667, 0.298741060606, 1.81818181818, 33
3.27525, 504.648, 964, 1181, 0.130616666667, 0.298741060606, 1.81818181818, 33
3.28153, 503.4, 964, 1180, 0.126775, 0.289954558824, 1.79411764706, 34
3.28128, 502.346, 963, 1179, 0.126775, 0.289954558824, 1.79411764706, 34
3.39116, 495.145, 963, 1178, 0.126775, 0.289954558824, 1.79411764706, 34
3.4166, 487.482, 963, 1177, 0.126775, 0.289954558824, 1.79411764706, 34
3.41829, 486.687, 963, 1176, 0.126775, 0.289954558824, 1.79411764706, 34
3.42671, 484.769, 963, 1175, 0.126775, 0.289954558824, 1.79411764706, 34
3.43486, 483.954, 963, 1174, 0.126775, 0.289954558824, 1.79411764706, 34
3.44735, 480.654, 963, 1173, 0.126775, 0.289954558824, 1.79411764706, 34
3.47277, 476.077, 963, 1172, 0.126775, 0.289954558824, 1.79411764706, 34
3.49124, 472.149, 963, 1171, 0.126775, 0.289954558824, 1.79411764706, 34
3.49533, 471.621, 963, 1170, 0.126775, 0.289954558824, 1.79411764706, 34
3.51911, 468.774, 963, 1169, 0.126775, 0.289954558824, 1.79411764706, 34
3.52059, 468.13, 963, 1168, 0.126775, 0.289954558824, 1.79411764706, 34
3.52609, 466.343, 963, 1167, 0.126775, 0.289954558824, 1.79411764706, 34
3.58996, 461.568, 963, 1166, 0.126775, 0.289954558824, 1.79411764706, 34
3.65238, 459.727, 963, 1165, 0.126775, 0.289954558824, 1.79411764706, 34
3.66169, 457.314, 963, 1164, 0.126775, 0.289954558824, 1.79411764706, 34
3.68788, 455.42, 963, 1163, 0.126775, 0.289954558824, 1.79411764706, 34
3.69122, 454.888, 963, 1162, 0.126775, 0.289954558824, 1.79411764706, 34
3.75531, 446.367, 963, 1161, 0.126775, 0.289954558824, 1.79411764706, 34
3.77748, 443.02, 963, 1160, 0.126775, 0.289954558824, 1.79411764706, 34
3.79964, 438.874, 963, 1159, 0.126775, 0.289954558824, 1.79411764706, 34
3.80776, 437.507, 963, 1158, 0.126775, 0.289954558824, 1.79411764706, 34
3.81189, 435.789, 963, 1157, 0.126775, 0.289954558824, 1.79411764706, 34
3.84148, 430.83, 963, 1156, 0.126775, 0.289954558824, 1.79411764706, 34
3.84432, 430.291, 963, 1155, 0.126775, 0.289954558824, 1.79411764706, 34
3.84777, 429.151, 963, 1152, 0.135851257143, 0.305521942857, 1.82857142857, 35
3.83665, 428.573, 960, 1151, 0.132077611111, 0.297035222222, 1.80555555556, 36
3.83619, 427.97, 959, 1150, 0.132077611111, 0.297035222222, 1.80555555556, 36
3.84091, 426.647, 959, 1149, 0.132077611111, 0.297035222222, 1.80555555556, 36
3.84361, 425.793, 959, 1148, 0.132077611111, 0.297035222222, 1.80555555556, 36
3.84968, 424.593, 959, 1147, 0.132077611111, 0.297035222222, 1.80555555556, 36
4.00286, 417.003, 959, 1146, 0.132077611111, 0.297035222222, 1.80555555556, 36
4.01541, 414.722, 959, 1145, 0.128507945946, 0.289007243243, 1.78378378378, 37
4.00728, 414.999, 958, 1144, 0.128507945946, 0.289007243243, 1.78378378378, 37
4.01642, 413.901, 958, 1143, 0.128507945946, 0.289007243243, 1.78378378378, 37
4.02164, 412.715, 958, 1142, 0.128507945946, 0.289007243243, 1.78378378378, 37
4.02349, 412.197, 958, 1141, 0.128507945946, 0.289007243243, 1.78378378378, 37
4.03284, 409.563, 958, 1140, 0.128507945946, 0.289007243243, 1.78378378378, 37
4.05095, 406.495, 958, 1139, 0.125126157895, 0.281401789474, 1.76315789474, 38
4.0502, 406.157, 957, 1138, 0.125126157895, 0.281401789474, 1.76315789474, 38
4.05414, 405.143, 957, 1133, 0.129930615385, 0.322453282051, 1.82051282051, 39
4.03962, 404.559, 953, 1131, 0.13293235, 0.330888075, 1.825, 40
4.02935, 404.572, 951, 1130, 0.13293235, 0.330888075, 1.825, 40
4.03335, 403.496, 951, 1129, 0.129690097561, 0.322817634146, 1.80487804878, 41
4.03098, 403.352, 950, 1122, 0.151869380952, 0.349656261905, 1.92857142857, 42
4.00555, 403.17, 943, 1121, 0.151869380952, 0.349656261905, 1.92857142857, 42
4.01952, 399.316, 943, 1120, 0.151869380952, 0.349656261905, 1.92857142857, 42
4.02794, 397.365, 943, 1119, 0.151869380952, 0.349656261905, 1.92857142857, 42
4.05572, 393.698, 943, 1118, 0.151869380952, 0.349656261905, 1.92857142857, 42
4.1631, 381.609, 943, 1115, 0.15867344186, 0.360938976744, 1.95348837209, 43
4.15863, 380.994, 940, 1114, 0.15867344186, 0.360938976744, 1.95348837209, 43
4.1623, 380.131, 940, 1113, 0.15867344186, 0.360938976744, 1.95348837209, 43
4.6158, 394.391, 940, 1112, 0.155067227273, 0.352735818182, 1.93181818182, 44
4.61404, 394.088, 939, 1111, 0.155067227273, 0.352735818182, 1.93181818182, 44
4.61652, 393.496, 939, 1110, 0.155067227273, 0.352735818182, 1.93181818182, 44
4.62642, 391.719, 939, 1109, 0.155067227273, 0.352735818182, 1.93181818182, 44
4.62821, 391.277, 939, 1108, 0.155067227273, 0.352735818182, 1.93181818182, 44
4.63078, 390.668, 939, 1107, 0.155067227273, 0.352735818182, 1.93181818182, 44
4.79234, 388.203, 939, 1106, 0.155067227273, 0.352735818182, 1.93181818182, 44
4.79976, 386.753, 939, 1105, 0.155067227273, 0.352735818182, 1.93181818182, 44
4.80992, 385.02, 939, 1104, 0.151621288889, 0.344897244444, 1.91111111111, 45
4.80271, 383.629, 938, 1098, 0.167648847826, 0.365558608696, 2.0, 46
4.74121, 377.926, 932, 1097, 0.167648847826, 0.365558608696, 2.0, 46
4.74366, 377.221, 932, 1096, 0.167648847826, 0.365558608696, 2.0, 46
4.75473, 375.585, 932, 1095, 0.167648847826, 0.365558608696, 2.0, 46
4.81887, 371.058, 932, 1094, 0.167648847826, 0.365558608696, 2.0, 46
4.82232, 370.159, 932, 1093, 0.167648847826, 0.365558608696, 2.0, 46
4.85267, 364.783, 932, 1092, 0.167648847826, 0.365558608696, 2.0, 46
4.87125, 363.619, 932, 1091, 0.167648847826, 0.365558608696, 2.0, 46
4.87286, 363.404, 932, 1090, 0.167648847826, 0.365558608696, 2.0, 46
4.98969, 357.525, 932, 1089, 0.167648847826, 0.365558608696, 2.0, 46
5.01045, 355.429, 932, 1088, 0.167648847826, 0.365558608696, 2.0, 46
5.01894, 354.582, 932, 1087, 0.167648847826, 0.365558608696, 2.0, 46
5.29784, 359.238, 932, 1086, 0.167648847826, 0.365558608696, 2.0, 46
5.30395, 357.81, 932, 1085, 0.167648847826, 0.365558608696, 2.0, 46
5.30607, 357.408, 932, 1084, 0.167648847826, 0.365558608696, 2.0, 46
5.55474, 357.086, 932, 1083, 0.167648847826, 0.365558608696, 2.0, 46
5.56411, 355.646, 932, 1082, 0.167648847826, 0.365558608696, 2.0, 46
5.56626, 355.286, 932, 1081, 0.167648847826, 0.365558608696, 2.0, 46
5.60022, 352.622, 932, 1078, 0.173538106383, 0.375542744681, 2.02127659574, 47
5.59879, 351.511, 929, 1077, 0.173538106383, 0.375542744681, 2.02127659574, 47
5.62172, 348.126, 929, 1076, 0.173538106383, 0.375542744681, 2.02127659574, 47
5.62467, 347.582, 929, 1075, 0.173538106383, 0.375542744681, 2.02127659574, 47
5.62894, 346.74, 929, 1074, 0.169922729167, 0.3677189375, 2.0, 48
5.62414, 345.59, 928, 1073, 0.169922729167, 0.3677189375, 2.0, 48
5.6279, 344.93, 928, 1072, 0.166454918367, 0.360214469388, 1.97959183673, 49
5.62929, 344.405, 927, 1071, 0.166454918367, 0.360214469388, 1.97959183673, 49
5.94754, 354.397, 927, 1070, 0.166454918367, 0.360214469388, 1.97959183673, 49
5.97705, 352.049, 927, 1069, 0.166454918367, 0.360214469388, 1.97959183673, 49
5.99508, 349.573, 927, 1068, 0.166454918367, 0.360214469388, 1.97959183673, 49
6.01424, 347.605, 927, 1067, 0.16312582, 0.35301018, 1.96, 50
6.00926, 347.327, 926, 1066, 0.16312582, 0.35301018, 1.96, 50
6.02407, 345.458, 926, 1065, 0.15992727451, 0.346088411765, 1.94117647059, 51
6.01875, 345.379, 925, 1064, 0.15992727451, 0.346088411765, 1.94117647059, 51
6.19166, 341.131, 925, 1063, 0.15992727451, 0.346088411765, 1.94117647059, 51
6.21004, 339.986, 925, 1059, 0.167669057692, 0.358104, 1.98076923077, 52
6.20302, 339.202, 921, 1058, 0.164505490566, 0.351347320755, 1.96226415094, 53
6.19402, 339.298, 920, 1056, 0.166088722222, 0.357060240741, 1.96296296296, 54
6.19308, 337.71, 918, 1055, 0.163068927273, 0.350568236364, 1.94545454545, 55
6.19579, 336.951, 917, 1054, 0.163068927273, 0.350568236364, 1.94545454545, 55
6.21452, 335.091, 917, 1053, 0.163068927273, 0.350568236364, 1.94545454545, 55
6.32991, 325.262, 917, 1052, 0.163068927273, 0.350568236364, 1.94545454545, 55
6.34968, 322.968, 917, 1051, 0.163068927273, 0.350568236364, 1.94545454545, 55
6.37625, 321.029, 917, 1050, 0.163068927273, 0.350568236364, 1.94545454545, 55
6.39653, 319.061, 917, 1049, 0.163068927273, 0.350568236364, 1.94545454545, 55
6.39777, 318.852, 917, 1048, 0.160156982143, 0.344308089286, 1.92857142857, 56
6.3932, 318.841, 916, 1047, 0.160156982143, 0.344308089286, 1.92857142857, 56
6.73186, 321.506, 916, 1046, 0.157347210526, 0.338267596491, 1.91228070175, 57
6.72591, 320.808, 915, 1045, 0.157347210526, 0.338267596491, 1.91228070175, 57
6.77136, 317.876, 915, 1044, 0.157347210526, 0.338267596491, 1.91228070175, 57
7.23405, 311.221, 915, 1043, 0.154634327586, 0.332435396552, 1.89655172414, 58
7.23552, 310.622, 914, 1042, 0.154634327586, 0.332435396552, 1.89655172414, 58
7.44307, 308.36, 914, 1041, 0.154634327586, 0.332435396552, 1.89655172414, 58
7.45347, 307.29, 914, 1040, 0.154634327586, 0.332435396552, 1.89655172414, 58
7.47932, 304.723, 914, 1019, 0.183930694915, 0.387466830508, 2.20338983051, 59
7.44598, 300.834, 894, 1018, 0.180865183333, 0.38100905, 2.18333333333, 60
7.44296, 300.605, 893, 1017, 0.180865183333, 0.38100905, 2.18333333333, 60
7.47675, 298.775, 893, 1016, 0.180865183333, 0.38100905, 2.18333333333, 60
7.68901, 287.315, 893, 1015, 0.180865183333, 0.38100905, 2.18333333333, 60
7.79171, 283.873, 893, 1014, 0.180865183333, 0.38100905, 2.18333333333, 60
7.81937, 282.24, 893, 1012, 0.181998540984, 0.385580131148, 2.18032786885, 61
7.79985, 282.248, 891, 1011, 0.181998540984, 0.385580131148, 2.18032786885, 61
7.98209, 273.6, 891, 1010, 0.181998540984, 0.385580131148, 2.18032786885, 61
8.09354, 265.761, 891, 1009, 0.181998540984, 0.385580131148, 2.18032786885, 61
8.10146, 264.984, 891, 1007, 0.18309533871, 0.390003758065, 2.17741935484, 62
8.10297, 264.006, 889, 1005, 0.18415731746, 0.394286952381, 2.1746031746, 63
8.10677, 263.226, 887, 1004, 0.18415731746, 0.394286952381, 2.1746031746, 63
8.1264, 261.483, 887, 1003, 0.18415731746, 0.394286952381, 2.1746031746, 63
8.13438, 260.964, 887, 1002, 0.18415731746, 0.394286952381, 2.1746031746, 63
8.14279, 260.38, 887, 1001, 0.18415731746, 0.394286952381, 2.1746031746, 63
8.16993, 258.711, 887, 1000, 0.18415731746, 0.394286952381, 2.1746031746, 63
8.20558, 257.32, 887, 999, 0.18415731746, 0.394286952381, 2.1746031746, 63
8.23308, 255.053, 887, 998, 0.18415731746, 0.394286952381, 2.1746031746, 63
8.2358, 254.785, 887, 997, 0.18415731746, 0.394286952381, 2.1746031746, 63
8.6427, 245.147, 887, 996, 0.18415731746, 0.394286952381, 2.1746031746, 63
11.5836, 271.829, 887, 995, 0.18415731746, 0.394286952381, 2.1746031746, 63
11.623, 269.28, 887, 977, 0.207258453125, 0.4376010625, 2.40625, 64
11.4955, 267.182, 870, 976, 0.204069861538, 0.430868738462, 2.38461538462, 65
11.5006, 266.585, 869, 975, 0.204069861538, 0.430868738462, 2.38461538462, 65
11.524, 265.279, 869, 974, 0.200977893939, 0.424340424242, 2.36363636364, 66
11.5314, 264.536, 868, 973, 0.200977893939, 0.424340424242, 2.36363636364, 66
12.0434, 246.007, 868, 972, 0.200977893939, 0.424340424242, 2.36363636364, 66
12.0525, 245.372, 868, 965, 0.213208223881, 0.439316686567, 2.4328358209, 67
11.9809, 245.669, 861, 964, 0.213208223881, 0.439316686567, 2.4328358209, 67
12.3942, 231.191, 861, 963, 0.213208223881, 0.439316686567, 2.4328358209, 67
12.3992, 230.827, 861, 962, 0.210072808824, 0.432856147059, 2.41176470588, 68
12.3881, 230.746, 860, 961, 0.210072808824, 0.432856147059, 2.41176470588, 68
12.4623, 229.216, 860, 775, 0.300894217391, 0.900853884058, 4.78260869565, 69
9.65538, 186.646, 694, 745, 0.327833157143, 0.964444685714, 5.1, 70
9.53799, 179.49, 667, 730, 0.348129732394, 0.985713352113, 5.23943661972, 71
9.46361, 176.548, 652, 729, 0.348129732394, 0.985713352113, 5.23943661972, 71
9.54043, 173.413, 652, 728, 0.348129732394, 0.985713352113, 5.23943661972, 71
9.58473, 171.432, 652, 727, 0.348129732394, 0.985713352113, 5.23943661972, 71
9.60964, 170.923, 652, 725, 0.346766819444, 0.981187402778, 5.19444444444, 72
9.59786, 170.37, 650, 724, 0.346766819444, 0.981187402778, 5.19444444444, 72
9.63401, 168.97, 650, 723, 0.346766819444, 0.981187402778, 5.19444444444, 72
9.68977, 166.975, 650, 711, 0.358771931507, 1.00058017808, 5.27397260274, 73
9.61472, 163.152, 639, 705, 0.360139878378, 1.01181936486, 5.27027027027, 74
9.6063, 161.932, 634, 704, 0.360139878378, 1.01181936486, 5.27027027027, 74
9.86151, 155.821, 634, 703, 0.360139878378, 1.01181936486, 5.27027027027, 74
11.5898, 140.731, 634, 699, 0.362838013333, 1.01127376, 5.25333333333, 75
11.5251, 140.408, 630, 698, 0.362838013333, 1.01127376, 5.25333333333, 75
11.5275, 140.325, 630, 697, 0.358063828947, 0.997967526316, 5.19736842105, 76
11.5194, 140.378, 629, 696, 0.358063828947, 0.997967526316, 5.19736842105, 76
12.101, 133.063, 629, 695, 0.353413649351, 0.985006909091, 5.14285714286, 77
12.0939, 132.99, 628, 540, 0.4307695, 1.26751579487, 6.89743589744, 78
9.73214, 100.14, 486, 538, 0.428481278481, 1.25982375949, 6.83544303797, 79
9.71445, 100.104, 484, 537, 0.428481278481, 1.25982375949, 6.83544303797, 79
9.84858, 97.7498, 484, 528, 0.4318166625, 1.2723349625, 6.85, 80
9.76251, 96.9464, 476, 527, 0.426485592593, 1.25662712346, 6.77777777778, 81
9.77057, 96.6194, 475, 526, 0.42128454878, 1.24130240244, 6.70731707317, 82
9.77224, 96.1089, 474, 525, 0.42128454878, 1.24130240244, 6.70731707317, 82
9.78799, 95.7912, 474, 524, 0.42128454878, 1.24130240244, 6.70731707317, 82
10.8985, 94.4206, 474, 523, 0.42128454878, 1.24130240244, 6.70731707317, 82
10.9181, 94.0484, 474, 506, 0.437104975904, 1.26320189157, 6.81927710843, 83
10.5206, 95.6545, 458, 505, 0.437104975904, 1.26320189157, 6.81927710843, 83
10.5298, 95.4703, 458, 504, 0.437104975904, 1.26320189157, 6.81927710843, 83
10.6797, 93.3964, 458, 501, 0.437192345238, 1.25810202381, 6.77380952381, 84
10.6046, 92.8507, 455, 456, 0.472460788235, 1.32477588235, 7.17647058824, 85
9.76007, 86.0379, 414, 455, 0.472460788235, 1.32477588235, 7.17647058824, 85
9.77003, 85.8534, 414, 454, 0.472460788235, 1.32477588235, 7.17647058824, 85
9.78916, 85.3656, 414, 453, 0.472460788235, 1.32477588235, 7.17647058824, 85
9.81909, 84.9929, 414, 452, 0.472460788235, 1.32477588235, 7.17647058824, 85
9.83152, 84.779, 414, 450, 0.469874034884, 1.31704412791, 7.11627906977, 86
9.82595, 84.4386, 412, 449, 0.464473183908, 1.30190568966, 7.04597701149, 87
9.82911, 84.1126, 411, 448, 0.464473183908, 1.30190568966, 7.04597701149, 87
9.83361, 83.9121, 411, 447, 0.464473183908, 1.30190568966, 7.04597701149, 87
10.2751, 79.8584, 411, 446, 0.464473183908, 1.30190568966, 7.04597701149, 87
10.3781, 78.8166, 411, 445, 0.464473183908, 1.30190568966, 7.04597701149, 87
10.6363, 76.2219, 411, 444, 0.459195079545, 1.28711130682, 6.97727272727, 88
10.6353, 75.9677, 410, 441, 0.459029337079, 1.28202930337, 6.93258426966, 89
10.6128, 75.0965, 407, 434, 0.4652669, 1.28364842222, 6.93333333333, 90
10.4979, 73.8372, 400, 433, 0.4652669, 1.28364842222, 6.93333333333, 90
12.8267, 62.2137, 400, 432, 0.4652669, 1.28364842222, 6.93333333333, 90
12.8794, 61.5899, 400, 431, 0.460154076923, 1.2695423956, 6.86813186813, 91
12.8687, 61.3661, 399, 430, 0.455152402174, 1.25574302174, 6.80434782609, 92
12.8762, 61.0257, 398, 428, 0.452946462366, 1.24933551613, 6.75268817204, 93
12.8403, 61.0106, 396, 427, 0.452946462366, 1.24933551613, 6.75268817204, 93
12.8417, 60.9918, 396, 406, 0.46742756383, 1.27401811702, 6.89361702128, 94
12.5628, 57.0289, 376, 334, 0.524573589474, 1.35856182105, 7.54736842105, 95
10.7536, 47.518, 307, 330, 0.525619697917, 1.35483846875, 7.51041666667, 96
10.8077, 46.6124, 303, 329, 0.525619697917, 1.35483846875, 7.51041666667, 96
10.823, 46.4385, 303, 328, 0.520200938144, 1.34087106186, 7.44329896907, 97
10.8419, 46.1182, 302, 228, 0.575813581633, 1.46963156122, 8.31632653061, 98
7.78753, 31.9057, 209, 227, 0.575813581633, 1.46963156122, 8.31632653061, 98
7.89025, 31.213, 209, 214, 0.587449909091, 1.47695457576, 8.36363636364, 99
7.48267, 29.7841, 196, 213, 0.587449909091, 1.47695457576, 8.36363636364, 99
7.51583, 29.4367, 196, 210, 0.58601985, 1.47053316, 8.31, 100
7.37864, 29.4113, 193, 209, 0.58601985, 1.47053316, 8.31, 100
7.39531, 29.2563, 193, 194, 0.597140247525, 1.48335916832, 8.36633663366, 101
7.10801, 27.8146, 179, 174, 0.603135833333, 1.50982652941, 8.46078431373, 102
6.52691, 24.3529, 161, 173, 0.603135833333, 1.50982652941, 8.46078431373, 102
6.6763, 23.5914, 161, 171, 0.599707330097, 1.50157428155, 8.39805825243, 103
6.64141, 23.3448, 159, 170, 0.593940913462, 1.48713606731, 8.32692307692, 104
6.6254, 23.2402, 158, 169, 0.588284333333, 1.47297286667, 8.25714285714, 105
6.59265, 23.1339, 157, 166, 0.586927349057, 1.46695249057, 8.20754716981, 106
6.44603, 22.9727, 154, 165, 0.581442046729, 1.45324265421, 8.14018691589, 107
6.45875, 22.7196, 153, 164, 0.576058324074, 1.4397867037, 8.07407407407, 108
6.43255, 22.5785, 152, 161, 0.574850853211, 1.43423648624, 8.02752293578, 109
6.31694, 22.6216, 149, 160, 0.574850853211, 1.43423648624, 8.02752293578, 109
6.4328, 21.6614, 149, 146, 0.584337118182, 1.44561306364, 8.07272727273, 110
6.19069, 19.9953, 136, 134, 0.594150387387, 1.45089294595, 8.10810810811, 111
6.02516, 19.4494, 124, 131, 0.592813723214, 1.44539223214, 8.0625, 112
5.99707, 18.9922, 121, 130, 0.587567584071, 1.43260115044, 8.0, 113
6.01051, 18.7586, 120, 129, 0.587567584071, 1.43260115044, 8.0, 113
6.02494, 18.6603, 120, 128, 0.587567584071, 1.43260115044, 8.0, 113
6.03968, 18.447, 120, 109, 0.600686289474, 1.44706657895, 8.09649122807, 114
5.57664, 16.515, 101, 108, 0.595462930435, 1.4344833913, 8.0347826087, 115
5.58438, 16.3075, 100, 107, 0.595462930435, 1.4344833913, 8.0347826087, 115
5.86974, 15.4505, 100, 106, 0.595462930435, 1.4344833913, 8.0347826087, 115
6.55717, 14.4333, 100, 105, 0.595462930435, 1.4344833913, 8.0347826087, 115
6.81807, 13.7944, 100, 76, 0.614498336207, 1.46170439655, 8.20689655172, 116
5.78234, 11.3956, 72, 74, 0.611382965812, 1.45485089744, 8.15384615385, 117
5.63633, 11.1548, 70, 73, 0.606201754237, 1.44252165254, 8.09322033898, 118
5.52565, 11.0693, 69, 72, 0.606201754237, 1.44252165254, 8.09322033898, 118
6.06577, 10.2828, 69, 71, 0.601107621849, 1.43039962185, 8.03361344538, 119
5.96113, 10.1779, 68, 70, 0.601107621849, 1.43039962185, 8.03361344538, 119
6.35545, 9.38407, 68, 69, 0.601107621849, 1.43039962185, 8.03361344538, 119
6.39438, 9.21979, 68, 68, 0.596098391667, 1.418479625, 7.975, 120
6.42922, 8.97971, 67, 67, 0.591171958678, 1.40675665289, 7.9173553719, 121
6.43064, 8.8306, 66, 51, 0.600934647541, 1.4190427459, 7.97540983607, 122
5.55623, 6.90535, 51, 50, 0.600934647541, 1.4190427459, 7.97540983607, 122
5.69473, 6.54129, 51, 49, 0.596049, 1.40750581301, 7.91869918699, 123
5.6996, 6.34445, 50, 34, 0.605077314516, 1.41639560484, 7.97580645161, 124
4.42286, 4.64292, 35, 32, 0.602236696, 1.4103432, 7.928, 125
4.42057, 4.34792, 33, 21, 0.610968785714, 1.41487301587, 7.95238095238, 126
3.17975, 3.2505, 22, 20, 0.606158007874, 1.40373228346, 7.89763779528, 127
3.07483, 3.1362, 21, 12, 0.610699742187, 1.40508640625, 7.8984375, 128
1.94083, 2.25445, 13, 6, 0.612640914729, 1.40408100775, 7.88372093023, 129
1.02041, 1.42775, 7, 4, 0.609851369231, 1.39835611538, 7.83846153846, 130
0.72, 1.13207, 5, 2, 0.607104412214, 1.39271862595, 7.79389312977, 131
0.444444, 0.834813, 3, 1, 0.602505136364, 1.38216772727, 7.74242424242, 132
